{
"lengthUnit": "mil",
"components": {
	"fields": ["COMPONENT_NO", "COMPONENT_NAME", "LAYER", "X_COORDINATE", "Y_COORDINATE", "ANGLE"],
	"rows": [
		[1, "555", "T", 483.7, 1395.47, 180],
		[2, "Actuation", "T", 1349.84, 1671.06, 0],
		[3, "Battery", "T", 1467.95, 883.66, 270],
		[4, "BatteryN1", "T", 1664.8, 411.22, 180],
		[5, "C1", "T", 956.14, 883.66, 270],
		[6, "C2", "T", 956.14, 450.59, 270],
		[7, "C3", "T", 208.11, 1434.84, 90],
		[8, "C4", "T", 208.11, 1159.25, 90],
		[9, "Flyback", "T", 1586.06, 1316.73, 180],
		[10, "NPN BJT", "T", 1271.1, 1356.1, 90],
		[11, "On SW", "T", 365.59, 1710.43, 0],
		[12, "POT", "T", 956.14, 1277.36, 180],
		[13, "Power", "T", 1310.47, 371.85, 270],
		[14, "R1", "T", 326.22, 686.81, 90],
		[15, "R3", "T", 562.44, 686.81, 90],
		[16, "Relay", "T", 1664.8, 1671.06, 0],
		[17, "U6", "T", 798.66, 1671.06, 270],
		[18, "U7", "T", 956.14, 1671.06, 90],
		[19, "U8", "T", 1113.62, 1671.06, 90]
	]
},
"pins": {
	"fields": ["PIN_NO", "PIN_NAME", "PIN_X", "PIN_Y", "LAYER", "PIN_TYPE", "NET_NAME", "NET_TYPE", "PAD_SHAPE", "PAD_SIZEX", "PAD_SIZEY", "HOLE_SIZE", "PAD_ANGLE"],
	"rows": [
		[1, "555_1", 633.7, 1545.47, "T", "DIP", "GND", "GND", "R", 70.87, 70.87, 39.37, 180],
		[2, "555_1", 633.7, 1545.47, "B", "DIP", "GND", "GND", "R", 70.87, 70.87, 39.37, 180],
		[3, "555_2", 533.7, 1545.47, "T", "DIP", "$1N2062", "", "C", 70.87, 70.87, 39.37, 180],
		[4, "555_2", 533.7, 1545.47, "B", "DIP", "$1N2062", "", "C", 70.87, 70.87, 39.37, 180],
		[5, "555_3", 433.7, 1545.47, "T", "DIP", "$1N2054", "", "C", 70.87, 70.87, 39.37, 180],
		[6, "555_3", 433.7, 1545.47, "B", "DIP", "$1N2054", "", "C", 70.87, 70.87, 39.37, 180],
		[7, "555_4", 333.7, 1545.47, "T", "DIP", "$1N1011", "", "C", 70.87, 70.87, 39.37, 180],
		[8, "555_4", 333.7, 1545.47, "B", "DIP", "$1N1011", "", "C", 70.87, 70.87, 39.37, 180],
		[9, "555_5", 333.7, 1245.47, "T", "DIP", "$1N2010", "", "C", 70.87, 70.87, 39.37, 180],
		[10, "555_5", 333.7, 1245.47, "B", "DIP", "$1N2010", "", "C", 70.87, 70.87, 39.37, 180],
		[11, "555_6", 433.7, 1245.47, "T", "DIP", "$1N1983", "", "C", 70.87, 70.87, 39.37, 180],
		[12, "555_6", 433.7, 1245.47, "B", "DIP", "$1N1983", "", "C", 70.87, 70.87, 39.37, 180],
		[13, "555_7", 533.7, 1245.47, "T", "DIP", "$1N1983", "", "C", 70.87, 70.87, 39.37, 180],
		[14, "555_7", 533.7, 1245.47, "B", "DIP", "$1N1983", "", "C", 70.87, 70.87, 39.37, 180],
		[15, "555_8", 633.7, 1245.47, "T", "DIP", "$1N1011", "", "C", 70.87, 70.87, 39.37, 180],
		[16, "555_8", 633.7, 1245.47, "B", "DIP", "$1N1011", "", "C", 70.87, 70.87, 39.37, 180],
		[17, "Actuation_1", 1299.84, 1671.06, "T", "DIP", "$1N2310", "", "C", 65, 65, 35.43, 180],
		[18, "Actuation_1", 1299.84, 1671.06, "B", "DIP", "$1N2310", "", "C", 65, 65, 35.43, 180],
		[19, "Actuation_2", 1399.84, 1671.06, "T", "DIP", "$1N2240", "", "C", 65, 65, 35.43, 180],
		[20, "Actuation_2", 1399.84, 1671.06, "B", "DIP", "$1N2240", "", "C", 65, 65, 35.43, 180],
		[21, "Battery_1", 1467.95, 1068.7, "T", "DIP", "$1N1011", "", "R", 98.42, 118.11, 70.87, 270],
		[22, "Battery_1", 1467.95, 1068.7, "B", "DIP", "$1N1011", "", "R", 98.42, 118.11, 70.87, 270],
		[23, "Battery_2", 1467.95, 883.66, "T", "DIP", "$1N1006", "", "C", 118.11, 118.11, 70.87, 270],
		[24, "Battery_2", 1467.95, 883.66, "B", "DIP", "$1N1006", "", "C", 118.11, 118.11, 70.87, 270],
		[25, "Battery_3", 1467.95, 698.62, "T", "DIP", "Battery_3", "", "C", 118.11, 118.11, 70.87, 270],
		[26, "Battery_3", 1467.95, 698.62, "B", "DIP", "Battery_3", "", "C", 118.11, 118.11, 70.87, 270],
		[27, "BatteryN1_1", 1763.23, 411.22, "T", "DIP", "$1N1006", "", "R", 86.61, 86.61, 55.12, 180],
		[28, "BatteryN1_1", 1763.23, 411.22, "B", "DIP", "$1N1006", "", "R", 86.61, 86.61, 55.12, 180],
		[29, "BatteryN1_2", 1566.38, 411.22, "T", "DIP", "GND", "GND", "C", 86.61, 86.61, 55.12, 180],
		[30, "BatteryN1_2", 1566.38, 411.22, "B", "DIP", "GND", "GND", "C", 86.61, 86.61, 55.12, 180],
		[31, "C1_1", 956.14, 983.66, "T", "DIP", "$1N1011", "", "C", 62.99, 62.99, 39.37, 270],
		[32, "C1_1", 956.14, 983.66, "B", "DIP", "$1N1011", "", "C", 62.99, 62.99, 39.37, 270],
		[33, "C1_2", 956.14, 783.66, "T", "DIP", "GND", "GND", "C", 62.99, 62.99, 39.37, 270],
		[34, "C1_2", 956.14, 783.66, "B", "DIP", "GND", "GND", "C", 62.99, 62.99, 39.37, 270],
		[35, "C2_1", 956.14, 550.59, "T", "DIP", "$1N1983", "", "C", 62.99, 62.99, 39.37, 270],
		[36, "C2_1", 956.14, 550.59, "B", "DIP", "$1N1983", "", "C", 62.99, 62.99, 39.37, 270],
		[37, "C2_2", 956.14, 350.59, "T", "DIP", "GND", "GND", "C", 62.99, 62.99, 39.37, 270],
		[38, "C2_2", 956.14, 350.59, "B", "DIP", "GND", "GND", "C", 62.99, 62.99, 39.37, 270],
		[39, "C3_1", 208.11, 1384.84, "T", "DIP", "GND", "GND", "C", 64.96, 64.96, 43.31, 90],
		[40, "C3_1", 208.11, 1384.84, "B", "DIP", "GND", "GND", "C", 64.96, 64.96, 43.31, 90],
		[41, "C3_2", 208.11, 1484.84, "T", "DIP", "$1N1011", "", "C", 64.96, 64.96, 43.31, 90],
		[42, "C3_2", 208.11, 1484.84, "B", "DIP", "$1N1011", "", "C", 64.96, 64.96, 43.31, 90],
		[43, "C4_1", 208.11, 1109.25, "T", "DIP", "GND", "GND", "C", 64.96, 64.96, 43.31, 90],
		[44, "C4_1", 208.11, 1109.25, "B", "DIP", "GND", "GND", "C", 64.96, 64.96, 43.31, 90],
		[45, "C4_2", 208.11, 1209.25, "T", "DIP", "$1N2010", "", "C", 64.96, 64.96, 43.31, 90],
		[46, "C4_2", 208.11, 1209.25, "B", "DIP", "$1N2010", "", "C", 64.96, 64.96, 43.31, 90],
		[47, "Flyback_1", 1757.32, 1316.73, "T", "DIP", "$1N1011", "", "C", 70.87, 70.87, 39.37, 180],
		[48, "Flyback_1", 1757.32, 1316.73, "B", "DIP", "$1N1011", "", "C", 70.87, 70.87, 39.37, 180],
		[49, "Flyback_2", 1414.8, 1316.73, "T", "DIP", "$1N2240", "", "C", 70.87, 70.87, 39.37, 180],
		[50, "Flyback_2", 1414.8, 1316.73, "B", "DIP", "$1N2240", "", "C", 70.87, 70.87, 39.37, 180],
		[51, "NPN BJT_1", 1271.1, 1306.1, "T", "DIP", "$1N2240", "", "R", 35.43, 62.99, 27.56, 90],
		[52, "NPN BJT_1", 1271.1, 1306.1, "B", "DIP", "$1N2240", "", "R", 35.43, 62.99, 27.56, 90],
		[53, "NPN BJT_2", 1271.1, 1356.1, "T", "DIP", "$1N2225", "", "O", 35.43, 62.99, 27.56, 90],
		[54, "NPN BJT_2", 1271.1, 1356.1, "B", "DIP", "$1N2225", "", "O", 35.43, 62.99, 27.56, 90],
		[55, "NPN BJT_3", 1271.1, 1406.1, "T", "DIP", "GND", "GND", "O", 35.43, 62.99, 27.56, 90],
		[56, "NPN BJT_3", 1271.1, 1406.1, "B", "DIP", "GND", "GND", "O", 35.43, 62.99, 27.56, 90],
		[57, "On SW_1", 257.32, 1769.49, "T", "DIP", "On SW_1", "", "C", 70.87, 70.87, 47.24, 0],
		[58, "On SW_1", 257.32, 1769.49, "B", "DIP", "On SW_1", "", "C", 70.87, 70.87, 47.24, 0],
		[59, "On SW_2", 473.86, 1769.49, "T", "DIP", "$1N2062", "", "C", 70.87, 70.87, 47.24, 0],
		[60, "On SW_2", 473.86, 1769.49, "B", "DIP", "$1N2062", "", "C", 70.87, 70.87, 47.24, 0],
		[61, "On SW_3", 257.32, 1651.38, "T", "DIP", "On SW_3", "", "C", 70.87, 70.87, 47.24, 0],
		[62, "On SW_3", 257.32, 1651.38, "B", "DIP", "On SW_3", "", "C", 70.87, 70.87, 47.24, 0],
		[63, "On SW_4", 473.86, 1651.38, "T", "DIP", "GND", "GND", "C", 70.87, 70.87, 47.24, 0],
		[64, "On SW_4", 473.86, 1651.38, "B", "DIP", "GND", "GND", "C", 70.87, 70.87, 47.24, 0],
		[65, "POT_1", 1054.57, 1375.79, "T", "DIP", "$1N1011", "", "R", 86.61, 82.68, 39.37, 180],
		[66, "POT_1", 1054.57, 1375.79, "B", "DIP", "$1N1011", "", "R", 86.61, 82.68, 39.37, 180],
		[67, "POT_2", 956.14, 1178.94, "T", "DIP", "$1N1149", "", "C", 86.61, 86.61, 39.37, 180],
		[68, "POT_2", 956.14, 1178.94, "B", "DIP", "$1N1149", "", "C", 86.61, 86.61, 39.37, 180],
		[69, "POT_3", 857.72, 1375.79, "T", "DIP", "$1N1149", "", "C", 86.61, 86.61, 39.37, 180],
		[70, "POT_3", 857.72, 1375.79, "B", "DIP", "$1N1149", "", "C", 86.61, 86.61, 39.37, 180],
		[71, "Power_1", 1310.47, 421.85, "T", "DIP", "$1N2333", "", "R", 62.99, 62.99, 39.37, 270],
		[72, "Power_1", 1310.47, 421.85, "B", "DIP", "$1N2333", "", "R", 62.99, 62.99, 39.37, 270],
		[73, "Power_2", 1310.47, 321.85, "T", "DIP", "GND", "GND", "C", 62.99, 62.99, 39.37, 270],
		[74, "Power_2", 1310.47, 321.85, "B", "DIP", "GND", "GND", "C", 62.99, 62.99, 39.37, 270],
		[75, "R1_1", 326.22, 302.95, "T", "DIP", "$1N2333", "", "C", 90.55, 90.55, 47.24, 90],
		[76, "R1_1", 326.22, 302.95, "B", "DIP", "$1N2333", "", "C", 90.55, 90.55, 47.24, 90],
		[77, "R1_2", 326.22, 1070.67, "T", "DIP", "$1N1011", "", "C", 90.55, 90.55, 47.24, 90],
		[78, "R1_2", 326.22, 1070.67, "B", "DIP", "$1N1011", "", "C", 90.55, 90.55, 47.24, 90],
		[79, "R3_1", 562.44, 302.95, "T", "DIP", "$1N2310", "", "C", 90.55, 90.55, 47.24, 90],
		[80, "R3_1", 562.44, 302.95, "B", "DIP", "$1N2310", "", "C", 90.55, 90.55, 47.24, 90],
		[81, "R3_2", 562.44, 1070.67, "T", "DIP", "$1N1011", "", "C", 90.55, 90.55, 47.24, 90],
		[82, "R3_2", 562.44, 1070.67, "B", "DIP", "$1N1011", "", "C", 90.55, 90.55, 47.24, 90],
		[83, "Relay_1", 1566.38, 1671.06, "T", "DIP", "$1N2240", "", "R", 86.61, 86.61, 55.12, 0],
		[84, "Relay_1", 1566.38, 1671.06, "B", "DIP", "$1N2240", "", "R", 86.61, 86.61, 55.12, 0],
		[85, "Relay_2", 1763.23, 1671.06, "T", "DIP", "$1N1011", "", "C", 86.61, 86.61, 55.12, 0],
		[86, "Relay_2", 1763.23, 1671.06, "B", "DIP", "$1N1011", "", "C", 86.61, 86.61, 55.12, 0],
		[87, "U6_1", 798.66, 1818.7, "T", "DIP", "$1N1983", "", "C", 60, 60, 35.43, 270],
		[88, "U6_1", 798.66, 1818.7, "B", "DIP", "$1N1983", "", "C", 60, 60, 35.43, 270],
		[89, "U6_2", 798.66, 1523.42, "T", "DIP", "$1N1149", "", "C", 60, 60, 35.43, 270],
		[90, "U6_2", 798.66, 1523.42, "B", "DIP", "$1N1149", "", "C", 60, 60, 35.43, 270],
		[91, "U7_1", 956.14, 1523.42, "T", "DIP", "$1N2062", "", "C", 60, 60, 35.43, 90],
		[92, "U7_1", 956.14, 1523.42, "B", "DIP", "$1N2062", "", "C", 60, 60, 35.43, 90],
		[93, "U7_2", 956.14, 1818.7, "T", "DIP", "$1N1011", "", "C", 60, 60, 35.43, 90],
		[94, "U7_2", 956.14, 1818.7, "B", "DIP", "$1N1011", "", "C", 60, 60, 35.43, 90],
		[95, "U8_1", 1113.62, 1523.42, "T", "DIP", "$1N2054", "", "C", 60, 60, 35.43, 90],
		[96, "U8_1", 1113.62, 1523.42, "B", "DIP", "$1N2054", "", "C", 60, 60, 35.43, 90],
		[97, "U8_2", 1113.62, 1818.7, "T", "DIP", "$1N2225", "", "C", 60, 60, 35.43, 90],
		[98, "U8_2", 1113.62, 1818.7, "B", "DIP", "$1N2225", "", "C", 60, 60, 35.43, 90]
	]
}
}